key,Author,Count
写景,范仲淹,2
写景,王勃,1
写景,李白,9
写景,柳永,3
写景,王维,5
写景,马致远,1
写景,柳宗元,1
写景,毛泽东,2
写景,白居易,5
写景,杜甫,8
写景,辛弃疾,2
写景,郦道元,1
写景,杜牧,5
写景,杨万里,3
写景,苏轼,9
写景,贺知章,1
写景,吴均,1
写景,王安石,2
写景,王之涣,2
写景,陶弘景,1
写景,张继,1
写景,孟浩然,3
写景,韩愈,3
写景,韦应物,1
写景,白朴,2
写景,王绩,1
写景,晏殊,1
写景,高鼎,1
写景,刘禹锡,1
写景,温庭筠,1
写景,张志和,1
写景,刘方平,1
写景,常建,1
写景,汉乐府,1
写景,姜夔,1
写景,林升,1
写景,赵师秀,1
写景,刘长卿,1
写景,朱熹,1
写景,范成大,1
写景,唐珙,1
写景,李煜,1
写景,许浑,1
写景,叶绍翁,1
写景,贺铸,1
写景,贾岛,1
写景,李贺,1
写景,王昌龄,1
写景,王国维,1
写景,刘过,1
写景,秦观,1
咏物,刘禹锡,4
咏物,毛泽东,2
咏物,陆游,2
咏物,杜甫,3
咏物,贺知章,1
咏物,杜牧,4
咏物,王安石,2
咏物,白居易,2
咏物,郑燮,4
咏物,王冕,2
咏物,于谦,2
咏物,常建,1
咏物,苏轼,6
咏物,罗隐,1
咏物,骆宾王,2
咏物,元稹,1
咏物,黄巢,2
咏物,林逋,1
咏物,刘义庆,1
咏物,李清照,6
咏物,魏朝·刘桢,1
咏物,虞世南,1
咏物,王磐,1
咏物,唐寅,2
咏物,杜荀鹤,1
咏物,纳兰性德,2
咏物,袁枚,1
咏物,李商隐,6
咏物,王维,1
咏物,张谓,1
咏物,佚名,1
咏物,贺铸,1
咏物,毛泽东(存疑),1
咏物,曹雪芹,1
咏物,寇准,1
咏物,元好问,1
咏物,姜夔,3
咏物,陈毅,1
咏物,张九龄,1
咏物,曾巩,1
咏物,崔道融,1
咏物,卢照邻,1
咏物,庾信,1
咏物,辛弃疾,2
咏物,杨万里,2
咏物,严蕊,1
咏物,诗经·国风·曹风,1
咏物,班婕妤,1
咏物,周邦彦,1
咏物,张鸣善,1
咏物,李纲,1
咏物,曹植,1
咏物,齐己,1
咏物,韩愈,1
咏物,王禹偁,1
咏物,梅尧臣,1
咏物,陈与义,1
咏物,龚自珍,1
咏物,郑谷,1
咏物,黄庭坚,1
春天,张若虚,1
春天,苏轼,9
春天,白居易,5
春天,杜甫,5
春天,朱熹,1
春天,贺知章,1
春天,杜牧,2
春天,王维,1
春天,韩愈,3
春天,高鼎,1
春天,刘方平,1
春天,叶绍翁,1
春天,陆游,1
春天,白朴,1
春天,秦观,6
春天,贺铸,1
春天,辛弃疾,1
春天,晏殊,3
春天,黄庭坚,2
春天,李煜,2
春天,宋祁,1
春天,李白,2
春天,王昌龄,1
春天,袁宏道,1
春天,张先,3
春天,程颢,1
春天,李清照,3
春天,谢灵运,1
春天,杨巨源,1
春天,杜审言,1
春天,王雱,1
春天,戴叔伦,2
春天,李璟,1
春天,刘禹锡,1
春天,曾巩,1
春天,苏舜钦,1
春天,于良史,1
春天,张维屏,1
春天,王驾,1
春天,冯延巳(一说晏殊),1
春天,张旭,1
春天,王令,1
春天,刘昚虚,1
春天,谢朓,1
春天,袁枚,1
春天,朱淑真,1
春天,欧阳修,1
春天,杨万里,1
春天,李华,1
春天,冯延巳,2
春天,武元衡,1
春天,岑参,1
春天,张栻,1
春天,李商隐,2
春天,晏几道,1
春天,元稹,1
春天,杜荀鹤,1
春天,丘逢甲,1
春天,梅尧臣,1
春天,张敬忠,1
春天,刘攽,1
春天,钱惟演,1
春天,黄孝迈,1
春天,贾至,1
夏天,辛弃疾,2
夏天,杨万里,6
夏天,白居易,4
夏天,赵师秀,1
夏天,范成大,3
夏天,李白,3
夏天,高骈,1
夏天,白朴,2
夏天,孟浩然,2
夏天,李商隐,2
夏天,苏轼,5
夏天,杜甫,3
夏天,司马光,1
夏天,苏舜钦,1
夏天,秦观,1
夏天,刘攽,1
夏天,陆游,6
夏天,晏殊,2
夏天,陈文述,1
夏天,周邦彦,2
夏天,欧阳修,3
夏天,杜牧,1
夏天,李重元,1
夏天,朱淑真,1
夏天,蔡确,1
夏天,戴复古,2
夏天,项鸿祚,1
夏天,崔道融,1
夏天,谢逸,1
夏天,王令,1
夏天,陶渊明,2
夏天,纳兰性德,1
夏天,薛昂夫,1
夏天,窦叔向,1
夏天,韦应物,2
夏天,智生,1
夏天,柳宗元,3
夏天,张耒,1
夏天,祝允明,1
夏天,张大烈,1
夏天,张先,1
夏天,谢灵运,1
夏天,关汉卿,1
夏天,柳永,1
夏天,文征明,1
夏天,元稹,2
夏天,寇准,1
夏天,韩琦,1
夏天,韩偓,1
夏天,毛滂,1
夏天,赵友直,1
夏天,高启,1
夏天,徐夤,1
夏天,薛道衡,1
夏天,贾弇,1
夏天,汪藻,1
夏天,谢薖,1
夏天,王恽,1
夏天,贾岛,1
夏天,韦庄,1
夏天,朱槔,1
夏天,姚鼐,2
秋天,李白,6
秋天,杜甫,5
秋天,马致远,1
秋天,范仲淹,3
秋天,刘禹锡,4
秋天,杜牧,3
秋天,张继,1
秋天,白朴,1
秋天,王绩,1
秋天,王维,4
秋天,张籍,1
秋天,李煜,3
秋天,曹丕,1
秋天,李白(存疑),1
秋天,李商隐,2
秋天,欧阳修,3
秋天,高蟾,1
秋天,刘彻,1
秋天,韦应物,2
秋天,柳永,2
秋天,王禹偁,1
秋天,朱熹,1
秋天,苏轼,4
秋天,陆游,2
秋天,王安石,1
秋天,程颢,1
秋天,马戴,1
秋天,张翰,1
秋天,朱庭玉,1
秋天,佚名,4
秋天,赵嘏,1
秋天,司空图,1
秋天,孟浩然,1
秋天,孟郊,1
秋天,杨万里,1
秋天,李清照,2
秋天,曹雪芹,1
秋天,晏殊,1
秋天,张可久,2
秋天,王昌龄,2
秋天,白居易,4
秋天,周德清,1
秋天,秦观,1
秋天,温庭筠,1
秋天,王勃,1
秋天,朱淑真,1
秋天,吴西逸,1
秋天,纳兰性德,1
秋天,张炎,1
秋天,李贺,2
秋天,刘翰,1
秋天,林逋,1
秋天,皇甫松,1
秋天,许浑,1
秋天,蒋捷,1
秋天,道潜,1
秋天,刘长卿,1
秋天,杨广,1
秋天,张仲素,1
秋天,骆宾王,1
冬天,柳宗元,1
冬天,卢钺,2
冬天,刘长卿,1
冬天,卢纶,2
冬天,刘义庆,1
冬天,李益,1
冬天,王维,4
冬天,白居易,4
冬天,白朴,1
冬天,杨万里,2
冬天,祖咏,2
冬天,杜甫,4
冬天,郑燮,1
冬天,李白,4
冬天,陈毅,1
冬天,高骈,1
冬天,吕本中,1
冬天,曹操,1
冬天,袁枚,1
冬天,孟郊,1
冬天,谢灵运,1
冬天,黄升,1
冬天,关汉卿,2
冬天,宋之问,1
冬天,武则天,1
冬天,陆龟蒙,2
冬天,汪莘,1
冬天,李世民,1
冬天,洪升,1
冬天,李商隐,2
冬天,张可久,1
冬天,纳兰性德,1
冬天,李贺,1
冬天,苏轼,2
冬天,鲍照,1
冬天,陶渊明,1
冬天,吴文英,1
冬天,范成大,1
冬天,刘驾,1
冬天,王建,2
冬天,钱起,1
冬天,陆游,3
冬天,李嘉祐,1
冬天,张淑芳,1
冬天,齐己,1
冬天,赵显宏,1
冬天,王国维,1
冬天,王翰,1
冬天,尤袤,1
冬天,郎士元,2
冬天,刘仲尹,1
冬天,周端臣,1
冬天,马致远,1
冬天,薛昂夫,1
冬天,胡仲参,1
冬天,舒岳祥,1
写雨,苏轼,7
写雨,杜甫,6
写雨,李商隐,4
写雨,韩愈,1
写雨,蒋捷,2
写雨,志南,1
写雨,徐再思,1
写雨,陆游,2
写雨,秦观,3
写雨,王建,1
写雨,万俟咏,1
写雨,王驾,1
写雨,徐俯,1
写雨,杨万里,2
写雨,刘长卿,1
写雨,陈文述,1
写雨,白居易,3
写雨,韦应物,1
写雨,王安石,2
写雨,李煜,1
写雨,欧阳修,1
写雨,游次公,1
写雨,贺铸,1
写雨,黄庭坚,1
写雨,刘基,1
写雨,温庭筠,1
写雨,李贺,1
写雨,陈与义,2
写雨,杜荀鹤,1
写雨,史达祖,1
写雨,崔道融,1
写雨,谭用之,1
写雨,葛立方,1
写雨,李世民,2
写雨,纳兰性德,3
写雨,张炎,1
写雨,阎选,1
写雨,陈子龙,1
写雨,虞集,1
写雨,曾几,1
写雨,沈自晋,1
写雨,辛弃疾,2
写雨,陈著,1
写雨,朱敦儒,1
写雨,周邦彦,4
写雨,薛昭蕴,1
写雨,徐凝,1
写雨,陶渊明,1
写雨,袁去华,1
写雨,韦庄,1
写雨,徐灿,2
写雨,薛逢,1
写雨,张鸣善,1
写雨,诗经·小雅,1
写雨,柳宗元,1
写雨,李廌,1
写雨,王夫之,1
写雨,王国维,2
写雨,张养浩,1
写雨,梁启超,1
写雨,李白,2
写雨,蒋春霖,1
写雨,吴文英,2
写雨,方岳,1
写雨,李觏,1
写雨,吴潜,1
写雪,毛泽东,1
写雪,岑参,2
写雪,杜甫,2
写雪,张岱,2
写雪,卢钺,2
写雪,韩愈,1
写雪,刘长卿,1
写雪,刘义庆,1
写雪,白居易,4
写雪,李白(一说袁绹),1
写雪,陆游,1
写雪,祖咏,1
写雪,罗隐,1
写雪,郑燮,2
写雪,纳兰性德,3
写雪,高骈,1
写雪,马致远,1
写雪,李白,1
写雪,吕本中,1
写雪,袁枚,1
写雪,杨万里,2
写雪,刘方平,1
写雪,王维,1
写雪,戎昱,1
写雪,孙周卿,1
写雪,周邦彦,4
写雪,宋之问,1
写雪,李商隐,2
写雪,贾岛,1
写雪,谢惠连,1
写雪,吴均,1
写雪,姜夔,1
写雪,孙道绚,1
写雪,洪升,1
写雪,张孝祥,1
写雪,李世民,1
写雪,王旭,1
写雪,完颜亮,1
写雪,东方虬,1
写雪,张可久,2
写雪,苏轼,2
写雪,戴叔伦,1
写雪,柳宗元,1
写雪,史达祖,1
写雪,杨朝英,1
写雪,张孜,1
写雪,欧阳修,1
写雪,鲍照,1
写雪,毛滂,1
写雪,杜荀鹤,1
写雪,范成大,1
写雪,释敬安,1
写雪,阴铿,1
写雪,陈允平,1
写雪,薛昂夫,1
写雪,大须,1
写雪,邓廷桢,1
写雪,吴文英,3
写雪,吴伟业,1
写雪,温庭筠,1
写雪,辛弃疾,2
写雪,董以宁,1
写雪,吴殳,1
写雪,张鸣善,1
写雪,环山樵,1
写雪,张继,1
写雪,郑谷,1
写雪,李峤,1
写雪,黄庭坚,1
写雪,周密,1
写雪,高适,3
写雪,沈周,1
写雪,杨士奇,1
写雪,尤袤,1
写雪,孟浩然,1
写雪,陆文圭,1
写雪,陆龟蒙,1
写雪,吴澄,1
写风,杜甫,3
写风,李峤,1
写风,志南,1
写风,刘邦,1
写风,岑参,1
写风,刘禹锡,2
写风,张孝祥,1
写风,晏殊,1
写风,袁枚,1
写风,刘攽,1
写风,宋玉,1
写风,王勃,1
写风,游次公,1
写风,严武,1
写风,赵翼,1
写风,诗经·国风·邶风,1
写风,佚名,1
写风,李益,1
写风,王安石,2
写风,柳永,1
写风,虞世南,1
写风,方岳,1
写风,刘基,1
写风,白居易,1
写风,李白,2
写风,陆畅,1
写风,诗经·国风·桧风,1
写风,石孝友,1
写风,王沂孙,1
写风,陆游,1
写风,张惠言,1
写风,韩愈,1
写风,杨万里,2
写风,温庭筠,1
写风,晏几道,1
写花,杜甫,3
写花,李煜,1
写花,白居易,3
写花,郑思肖,1
写花,李清照,4
写花,苏轼,8
写花,佚名,2
写花,刘希夷,1
写花,刘禹锡,1
写花,李白,4
写花,曹雪芹,9
写花,王维,1
写花,元好问,1
写花,司马光,1
写花,杜耒,1
写花,杜牧,1
写花,秦观,1
写花,曾巩,1
写花,李商隐,3
写花,吕本中,1
写花,赵嘏,1
写花,陈叔宝,1
写花,周邦彦,1
写花,赵秉文,1
写花,元稹,1
写花,纳兰性德,4
写花,张鸣善,1
写花,刘克庄,1
写花,岑参,1
写花,朱淑真,1
写花,赵佶,2
写花,郑燮,1
写花,马致远,1
写花,王勃,1
写花,张养浩,1
写花,司空图,1
写花,孙周卿,1
写花,冯延巳,1
写花,黄庭坚,1
写花,徐凝,1
写花,曹组,1
写花,谢枋得,1
写花,宋祁,1
写花,杨万里,2
写花,晏殊,1
写花,陈知玄,1
写花,吴融,2
写花,严蕊,1
写花,武则天,1
写花,汪藻,1
写花,王溥,1
写花,罗隐,3
写花,白玉蟾,1
写花,韩愈,1
写花,魏夫人,1
写花,谢懋,1
写花,王十朋,1
写花,鱼玄机,1
写花,柳永,1
写花,韦应物,1
写花,吴文英,1
写花,雍裕之,1
写花,乔吉,1
写花,洪咨夔,1
梅花,毛泽东,1
梅花,陆游,4
梅花,王安石,2
梅花,王冕,2
梅花,卢钺,2
梅花,王维,1
梅花,林逋,1
梅花,佚名,1
梅花,李清照,7
梅花,陆凯,1
梅花,张谓,1
梅花,黄蘖禅师,1
梅花,郑燮,1
梅花,李商隐,2
梅花,苏轼,6
梅花,崔道融,1
梅花,杜耒,1
梅花,王庭筠,1
梅花,鲍照,1
梅花,齐己,1
梅花,姜夔,2
梅花,谢枋得,1
梅花,黄庭坚,1
梅花,辛弃疾,5
梅花,张嵲,1
梅花,柳宗元,1
梅花,王十朋,1
梅花,何逊,1
梅花,晁补之,1
梅花,陈亮,2
梅花,晁冲之,1
梅花,黄升,1
梅花,冯延巳,1
梅花,周邦彦,2
梅花,张孝祥,2
梅花,范成大,1
梅花,李煜,1
梅花,高启,1
梅花,曹雪芹,4
梅花,刘克庄,3
梅花,纳兰性德,1
梅花,白玉蟾,1
梅花,郑域,1
梅花,卢照邻,1
梅花,曹组,1
梅花,王旭,1
梅花,赵长卿,1
梅花,杜甫,2
梅花,朱翌,1
梅花,刘因,1
梅花,刘镇,1
梅花,乔吉,1
梅花,杨无咎,1
梅花,律然,1
梅花,道源,1
梅花,杨朝英,1
梅花,谢燮,1
梅花,查冬荣,1
梅花,真德秀,1
梅花,萧泰来,1
梅花,吴文英,2
梅花,林古度,1
梅花,向子諲,1
梅花,张炎,1
梅花,罗邺,1
梅花,赵令畤,1
梅花,杜牧,1
荷花,周邦彦,1
荷花,李商隐,1
荷花,李璟,1
荷花,贺铸,1
荷花,李白,2
荷花,卢照邻,1
荷花,王昌龄,1
荷花,苏轼,1
荷花,欧阳修,2
荷花,白朴,1
荷花,陆龟蒙,1
荷花,温庭筠,1
荷花,蔡松年,1
荷花,吴师道,1
荷花,元好问,1
荷花,晏几道,3
荷花,杜公瞻,1
荷花,石涛,1
荷花,葛立方,1
荷花,姜夔,1
荷花,辛弃疾,2
荷花,张炎,1
荷花,蒋捷,1
荷花,刘光祖,1
荷花,皇甫松,1
荷花,韩偓,1
荷花,吴文英,4
荷花,曹丕,1
荷花,佚名,1
荷花,沈约,2
荷花,白居易,1
荷花,龚翔麟,1
荷花,刘秉忠,1
荷花,文徵明,1
荷花,尹鹗,1
荷花,阎选,1
荷花,李璟(一说李煜),1
荷花,高观国,1
荷花,范成大,1
荷花,杜衍,1
菊花,郑思肖,1
菊花,元稹,1
菊花,黄巢,2
菊花,岑参,1
菊花,李白,1
菊花,唐寅,1
菊花,陶渊明,2
菊花,赵嘏,1
菊花,白居易,3
菊花,李商隐,3
菊花,江总,1
菊花,张养浩,1
菊花,晏几道,1
菊花,曹雪芹,4
菊花,辛弃疾,2
菊花,朱元璋,1
菊花,韦庄,1
菊花,郑谷,1
菊花,杨万里,1
菊花,张煌言,1
菊花,杜甫,1
菊花,顾太清,1
菊花,王建,1
菊花,朱淑真,1
菊花,佚名,1
菊花,苏轼,1
菊花,司空图,1
菊花,钱时,1
菊花,吴文英,2
菊花,于谦,1
菊花,耶律洪基,1
菊花,丘浚,1
菊花,段克己,1
菊花,胡铨,1
菊花,范成大,1
菊花,王禹偁,1
柳树,贺知章,1
柳树,纳兰性德,3
柳树,周邦彦,2
柳树,晏几道,3
柳树,王之涣,1
柳树,曾巩,1
柳树,佚名,1
柳树,曹雪芹,1
柳树,刘禹锡,3
柳树,杨万里,1
柳树,李商隐,1
柳树,白居易,2
柳树,韩翃,1
柳树,郑文宝,1
柳树,寇准,1
柳树,柳如是,1
柳树,鱼玄机,1
柳树,贺铸,1
柳树,何希尧,1
柳树,陆龟蒙,1
柳树,周紫芝,1
柳树,姜夔,1
柳树,温庭筠,4
柳树,苏轼,1
柳树,柳宗元,1
柳树,李煜,1
柳树,纪映淮,1
柳树,张籍,1
柳树,翁元龙,1
柳树,诗经·小雅·鱼藻之什,1
柳树,惠洪,1
柳树,张先,2
柳树,汪遵,1
柳树,司空曙,1
柳树,牛峤,2
柳树,岑参,1
柳树,周端臣,1
柳树,毛文锡,4
柳树,陈维崧,1
柳树,何逊,1
柳树,赵孟頫,1
柳树,吴文英,1
柳树,高观国,1
柳树,陈克,1
柳树,向子諲,1
柳树,崔护,1
柳树,张泌,1
柳树,朱栴,1
柳树,王建,1
柳树,许德溥,1
柳树,俞益谟,1
柳树,贡性之,1
柳树,杨慎,1
月亮,苏轼,6
月亮,张若虚,1
月亮,李白,12
月亮,张九龄,1
月亮,王建,1
月亮,辛弃疾,3
月亮,杜甫,6
月亮,李商隐,2
月亮,张泌,1
月亮,岑参,1
月亮,诗经·国风·陈风,1
月亮,李清照,2
月亮,吕本中,1
月亮,佚名,2
月亮,于良史,1
月亮,李峤,1
月亮,王庭筠,1
月亮,苏辙,1
月亮,徐有贞,1
月亮,张鸣善,1
月亮,陆游,2
月亮,孟浩然,1
月亮,周邦彦,1
月亮,张养浩,1
月亮,范成大,1
月亮,马致远,1
月亮,谢庄,1
月亮,牛希济,1
月亮,王昌龄,1
月亮,李端,1
月亮,朱淑真,2
月亮,陈亮,1
月亮,曹松,1
月亮,贾岛,1
月亮,王琪,1
月亮,曹雪芹,3
月亮,张孝祥,2
月亮,栖白,1
月亮,杨万里,3
月亮,朱敦儒,1
月亮,陈著,2
月亮,晁端礼,1
月亮,钱起,1
月亮,丘逢甲,1
月亮,纳兰性德,1
月亮,王守仁,1
月亮,李朴,1
月亮,寒山,1
月亮,米芾,1
月亮,权德舆,1
月亮,向子諲,1
月亮,薛涛,1
月亮,朱超,1
月亮,史达祖,1
月亮,宋方壶,1
月亮,白居易,1
月亮,吴承恩,1
月亮,欧阳修,1
月亮,孟昉,1
月亮,齐己,1
月亮,吴文英,1
月亮,崔国辅,1
月亮,骆宾王,1
月亮,郎士元,1
月亮,戎昱,1
月亮,文同,1
山水,李白,12
山水,欧阳修,2
山水,王维,9
山水,郦道元,1
山水,柳宗元,5
山水,吴均,2
山水,白居易,3
山水,刘禹锡,2
山水,杜甫,1
山水,秦观,3
山水,苏轼,9
山水,王安石,4
山水,王勃,1
山水,刘长卿,1
山水,张旭,1
山水,谢灵运,3
山水,谢朓,1
山水,辛弃疾,6
山水,戴叔伦,2
山水,张孝祥,3
山水,于良史,1
山水,曾巩,2
山水,黄庭坚,3
山水,陆游,2
山水,高启,1
山水,温庭筠,1
山水,常建,1
山水,李珣,1
山水,张九龄,1
山水,翁卷,1
山水,梅尧臣,1
山水,裴迪,1
山水,张养浩,1
山水,纪昀,1
山水,储光羲,2
山水,朱敦儒,1
山水,崔颢,1
山水,陈与义,1
山水,孟浩然,2
山水,佚名,1
山水,王炎,1
山水,雍陶,1
山水,韩愈,1
写山,杜甫,5
写山,苏轼,2
写山,王维,3
写山,李白,9
写山,姚鼐,1
写山,毛泽东,4
写山,寇准,1
写山,柳宗元,2
写山,孟郊,2
写山,张耒,1
写山,萧纲,1
写山,韩翃,1
写山,孟浩然,2
写山,李贺,1
写山,张抡,1
写山,郎士元,1
写山,韩愈,2
写山,袁枚,1
写山,谢道韫,1
写山,温庭筠,1
写山,黄庭坚,2
写山,唐毅夫,1
写山,诗经·周颂·清庙之什,1
写山,辛弃疾,1
写山,刘因,2
写山,方干,1
写山,侯文曜,1
写山,章谦亨,1
写山,郑燮,1
写山,王安石,5
写山,周权,1
写山,秘演,1
写山,谢灵运,1
写山,岑参,1
写山,潘阆,2
写山,惠标,1
写山,李世民,1
写山,崔颢,1
写山,王国维,1
写山,元好问,2
写山,令狐楚,1
写山,王守仁,1
写山,张养浩,1
写山,贾岛,1
写山,李商隐,1
写山,纳兰性德,1
写山,韦应物,1
写山,杜牧,1
写山,袁宏道,1
写山,武则天,1
写山,李之仪,1
写山,汪遵,1
写山,周之琦,1
写山,施闰章,1
写山,胡秉正,1
写山,李峤,1
写山,张可久,1
写山,梁联馨,1
写山,归有光,1
写山,卢仝,1
写山,江淹,1
写山,秦观,1
写山,汪承爵,1
写山,魏源,1
写山,郦道元,1
写山,朱彦,1
写山,陆机,1
写山,刘崧,1
写山,老舍,1
写山,徐霞客,1
写水,李白,9
写水,杨万里,6
写水,白居易,1
写水,张孝祥,2
写水,朱熹,1
写水,杜甫,3
写水,苏轼,3
写水,潘阆,1
写水,孟浩然,4
写水,温庭筠,1
写水,欧阳修,4
写水,刘禹锡,3
写水,杜荀鹤,1
写水,谢朓,1
写水,施肩吾,1
写水,辛弃疾,3
写水,汪元量,1
写水,韩愈,3
写水,诗经·国风·唐风,1
写水,周邦彦,1
写水,赵孟頫,2
写水,周密,1
写水,岑参,1
写水,晏殊,1
写水,舒亶,1
写水,纳兰性德,1
写水,王维,1
写水,查慎行,2
写水,皇甫曾,1
写水,张先,1
写水,范成大,2
写水,李群玉,1
写水,韦应物,1
写水,黄机,1
写水,张炎,1
写水,张可久,1
写水,王勃,1
写水,史达祖,1
写水,诗经·鲁颂·駉之什,1
写水,赵善庆,1
写水,王沂孙,1
写水,钱晔,1
写水,袁枚,1
写水,陈与义,1
写水,武则天,1
写水,阴铿,1
写水,皮日休,1
写水,常建,1
写水,戎昱,1
写水,施闰章,1
写水,杨基,1
写水,李百药,1
写水,沈约,1
写水,曹丕,1
写水,刘溥,1
写水,王宷,1
写水,范仲淹,1
写水,王国维,1
写水,王建,1
写水,董士锡,1
写水,吕大防,1
写水,戴复古,1
写水,李梦阳,1
写水,郦道元,2
写水,贾岛,1
写水,袁中道,1
长江,苏轼,1
长江,李白,4
长江,李之仪,1
长江,高启,1
长江,曾公亮,1
长江,张孝祥,1
长江,杜甫,1
长江,张籍,1
长江,李纲,2
长江,崔季卿,1
长江,宋琬,1
长江,杨基,1
黄河,刘禹锡,1
黄河,诗经·国风·卫风,1
黄河,李白,2
黄河,元好问,1
黄河,罗隐,1
黄河,寇准,1
黄河,宋琬,1
黄河,许有壬,1
黄河,李流芳,1
黄河,温庭筠,1
黄河,王维,2
黄河,范云,1
黄河,岑参,1
黄河,谢榛,1
黄河,高适,1
黄河,贡泰父,1
黄河,罗元琦,1
儿童,白居易,1
儿童,列子,1
儿童,袁枚,1
儿童,胡令能,1
儿童,刘义庆,1
儿童,雷震,1
儿童,杨万里,4
儿童,吕岩,1
儿童,黄庭坚,1
儿童,施肩吾,1
儿童,李涉,1
儿童,韦庄,1
儿童,于鹄,1
儿童,崔道融,1
儿童,陆游,1
儿童,蒲松龄,1
儿童,徐渭,1
儿童,李商隐,1
儿童,周敦颐,1
写鸟,杜甫,8
写鸟,元好问,1
写鸟,欧阳修,1
写鸟,辛弃疾,2
写鸟,白居易,4
写鸟,诗经·小雅·鸿雁之什,3
写鸟,杜牧,1
写鸟,贾谊,1
写鸟,曹丕,1
写鸟,李商隐,2
写鸟,晏几道,1
写鸟,刘邦,1
写鸟,郑谷,2
写鸟,钱起,1
写鸟,张炎,2
写鸟,吴西逸,1
写鸟,贯休,1
写鸟,史达祖,1
写鸟,牛峤,1
写鸟,沈周,1
写鸟,徐玑,1
写鸟,阮籍,1
写鸟,杨万里,2
写鸟,张九龄,3
写鸟,李白,4
写鸟,崔涂,1
写鸟,秦观,1
写鸟,姚鼐,1
写鸟,刘克庄,1
写鸟,赵长卿,1
写鸟,李益,1
写鸟,诗经·国风·豳风,1
写鸟,佚名,5
写鸟,吴文英,1
写鸟,祢衡,1
写鸟,王维,1
写鸟,尤侗,1
写鸟,纳兰性德,1
写鸟,捧剑仆,1
写鸟,曾觌,1
写鸟,诗经·国风·曹风,1
写鸟,余靖,1
写鸟,刘翰,1
写鸟,徐灿,1
写鸟,温庭筠,1
写鸟,卢祖皋,1
写鸟,揭傒斯,1
写鸟,柳宗元,1
写鸟,宋徵舆,1
写鸟,朱彝尊,1
写鸟,陈尧佐,1
写鸟,张惠言,1
写鸟,李煜,1
写鸟,道潜,1
写鸟,方孝孺,1
写鸟,陈子昂,1
写鸟,卢照邻,1
写鸟,崔铉,1
写鸟,陶渊明,2
写鸟,李远,1
写鸟,陈达叟,1
写鸟,沈约,1
写鸟,韩偓,1
写鸟,李义府,1
写鸟,刘象,1
写鸟,僧定渚,1
写鸟,杜荀鹤,1
写鸟,赵秉文,1
写鸟,屈大均,1
写鸟,曹伯启,1
写鸟,左棻,1
写鸟,文同,1
写鸟,来鹄,1
写马,韩愈,1
写马,李白,3
写马,李贺,20
写马,韦应物,1
写马,诗经·小雅·鸿雁之什,1
写马,杜甫,6
写马,张炎,1
写马,诗经·鲁颂·駉之什,2
写马,诗经·国风·秦风,1
写马,苏轼,2
写马,龚开,1
写马,王鹏运,1
写马,刘彻,2
写马,万楚,1
写马,姚合,1
写马,岑参,1
写马,贾至,1
写马,陆游,1
写马,岳飞,1
写马,武三思,1
写马,杨慎,1
田园,王维,15
田园,陆游,3
田园,孟浩然,2
田园,陶渊明,12
田园,范成大,7
田园,王安石,2
田园,李白,3
田园,杜甫,3
田园,皎然,1
田园,王建,1
田园,司空曙,1
田园,苏轼,4
田园,张衡,1
田园,杨万里,1
田园,李贺,1
田园,苏辙,1
田园,张九龄,1
田园,杨慎,1
田园,刘禹锡,1
田园,顾况 / 张继,1
田园,纳兰性德,1
田园,徐玑,1
田园,高启,1
田园,韦庄,1
田园,王绩,1
田园,辛弃疾,3
田园,韦应物,1
田园,于鹄,1
田园,刘因,1
田园,虞似良,1
田园,晁补之,1
田园,江淹,1
田园,诗经·国风·魏风,1
田园,张籍,1
田园,揭傒斯,1
田园,祝允明,1
田园,黄公度,1
田园,王勃,2
田园,张潮,1
田园,周密,2
田园,马致远,1
田园,项斯,1
田园,谢朓,1
田园,杜牧,2
田园,杜荀鹤,1
田园,乐雷发,1
田园,贯休,2
田园,余靖,1
田园,贯云石,1
田园,诗经·小雅·谷风之什,1
田园,滕宾,1
田园,王士祯,1
边塞,岑参,11
边塞,范仲淹,1
边塞,王维,5
边塞,王翰,2
边塞,王昌龄,9
边塞,李贺,2
边塞,杜甫,4
边塞,王之涣,1
边塞,李白,6
边塞,杨炯,2
边塞,卢纶,5
边塞,高适,5
边塞,李益,3
边塞,纳兰性德,7
边塞,陈陶,2
边塞,李颀,1
边塞,曹松,1
边塞,徐锡麟,1
边塞,戴叔伦,3
边塞,柳中庸,1
边塞,徐陵,1
边塞,卢思道,1
边塞,祖咏,1
边塞,张敬忠,1
边塞,许浑,1
边塞,陈琳,1
边塞,鲍照,1
边塞,严武,1
边塞,司空图,1
边塞,孟浩然,1
边塞,张乔,2
边塞,李世民,1
边塞,陈羽,1
边塞,常建,1
边塞,柳开,1
边塞,张籍,1
边塞,张孝祥,1
边塞,卢照邻,1
边塞,张说,1
边塞,马戴,1
边塞,欧阳修,1
边塞,薛逢,1
边塞,王涯,1
边塞,萨都剌,1
边塞,牛峤,1
边塞,徐兰,1
边塞,李梦阳,1
地名,李清照,1
地名,孟浩然,1
地名,刘禹锡,2
地名,李贺,1
地名,王之涣,1
地名,苏轼,3
地名,杜牧,2
地名,白居易,1
地名,戴叔伦,1
地名,李白,7
地名,张衡,1
地名,宋之问,1
地名,韦庄,1
地名,郑畋,1
地名,左思,1
地名,杜荀鹤,1
地名,上官仪,1
地名,张可久,1
地名,张籍,1
地名,陈师道,1
地名,鲍照,1
地名,王士祯,1
地名,杜甫,2
地名,黄庭坚,2
地名,岑参,1
地名,李密,1
地名,栖一,1
地名,曹雪芹,1
地名,李格非,1
地名,柳永,1
地名,袁枚,1
地名,张载,1
地名,关汉卿,1
地名,王绪,1
抒情,李白,11
抒情,范仲淹,2
抒情,毛泽东,9
抒情,王勃,1
抒情,欧阳修,1
抒情,辛弃疾,5
抒情,曹操,1
抒情,杜甫,2
抒情,秦观,1
抒情,李商隐,3
抒情,王昌龄,3
抒情,柳宗元,1
抒情,崔颢,1
抒情,刘禹锡,2
抒情,苏轼,5
抒情,柳永,3
抒情,纳兰性德,5
抒情,龚自珍,1
抒情,李煜,3
抒情,王安石,1
抒情,杜牧,4
抒情,陶渊明,1
抒情,韦应物,1
抒情,王维,4
抒情,王绩,1
抒情,孟浩然,2
抒情,白居易,2
抒情,岑参,1
抒情,西晋·李密,1
抒情,陆游,2
抒情,姜夔,1
抒情,元好问,1
抒情,崔护,1
抒情,赵师秀,1
抒情,韩愈,1
抒情,孟郊,1
抒情,高适,2
抒情,项羽,1
抒情,宋之问,1
抒情,归有光,1
抒情,诗经·国风·邶风,1
抒情,黄庭坚,1
抒情,袁宏道,1
抒情,李白(一说袁绹),1
抒情,元稹,1
抒情,曹雪芹,1
抒情,梅尧臣,1
抒情,温庭筠,1
抒情,程颢,1
爱国,范仲淹,1
爱国,岳飞,1
爱国,杜甫,6
爱国,苏轼,1
爱国,辛弃疾,9
爱国,文天祥,8
爱国,屈原,4
爱国,杜牧,3
爱国,陆游,14
爱国,李清照,3
爱国,诗经·国风·秦风,1
爱国,曹植,1
爱国,刘过,1
爱国,李贺,1
爱国,夏完淳,1
爱国,朱敦儒,1
爱国,佚名,2
爱国,高蟾,1
爱国,谭嗣同,1
爱国,鲁迅,1
爱国,林则徐,1
爱国,诗经·国风·邶风,1
爱国,徐锡麟,1
爱国,戴叔伦,1
爱国,李煜,1
爱国,秋瑾,4
爱国,龚自珍,1
爱国,戚继光,2
爱国,于谦,2
爱国,张元干,1
爱国,陈亮,2
爱国,花蕊夫人,1
爱国,张耒,1
爱国,李白,2
爱国,周恩来,1
爱国,令狐楚,1
爱国,张孝祥,2
爱国,刘克庄,1
爱国,丘逢甲,1
爱国,杨继盛,1
爱国,范成大,2
爱国,诗经·国风·鄘风,1
爱国,陈子昂,1
爱国,岑参,1
爱国,陈与义,1
爱国,赵鼎,1
爱国,左丘明,1
爱国,戴复古,1
爱国,刘辰翁,1
爱国,邓剡,1
离别,柳永,3
离别,王昌龄,1
离别,李白,5
离别,白居易,1
离别,王羲之,1
离别,佚名,3
离别,王维,1
离别,王国维,2
离别,苏轼,4
离别,杜牧,1
离别,欧阳修,3
离别,夏完淳,1
离别,李贺,1
离别,李清照,3
离别,江淹,1
离别,杜甫,2
离别,秦观,1
离别,晏几道,6
离别,乐婉,1
离别,苏武,1
离别,吕本中,1
离别,晏殊,2
离别,纳兰性德,3
离别,王之涣,1
离别,吴文英,2
离别,李益,1
离别,李商隐,3
离别,温庭筠,2
离别,王安石,2
离别,刘著,1
离别,韦庄,4
离别,孟浩然,2
离别,诗经·国风·邶风,2
离别,司空曙,1
离别,裴迪,1
离别,孟郊,1
离别,曹植,1
离别,牛希济,1
离别,薛涛,1
离别,陈子昂,1
离别,周邦彦,1
离别,范云,1
离别,周紫芝,1
离别,辛弃疾,3
离别,刘克庄,1
离别,刘禹锡,1
离别,贺双卿,1
离别,关汉卿,1
离别,游次公,1
离别,陆龟蒙,1
离别,沈约,1
离别,贺铸,2
离别,柳宗元,2
离别,刘过,1
离别,岑参,2
离别,陆游,1
离别,聂胜琼,1
离别,高观国,1
离别,韦应物,1
离别,骆宾王,1
送别,岑参,4
送别,王昌龄,6
送别,李白,9
送别,王维,7
送别,白居易,2
送别,苏轼,12
送别,王观,1
送别,辛弃疾,5
送别,高适,4
送别,刘长卿,8
送别,骆宾王,1
送别,周邦彦,1
送别,许浑,2
送别,王之涣,1
送别,林逋,2
送别,张元干,1
送别,佚名,2
送别,诗经·国风·邶风,1
送别,孟浩然,1
送别,李颀,2
送别,王勃,2
送别,贾岛,1
送别,韦庄,1
送别,温庭筠,1
送别,韦应物,1
送别,严维,1
送别,郑文宝,1
送别,杜荀鹤,1
送别,欧阳修,1
送别,庾信,1
送别,张九龄,1
送别,钱起,1
送别,杜甫,1
送别,卢纶,1
送别,雍陶,1
送别,杨万里,1
送别,陈子昂,1
送别,韩愈,2
送别,纳兰性德,1
送别,柳宗元,1
送别,晏殊,1
送别,孙洙,1
送别,高启,1
送别,李贺,1
送别,范成大,1
送别,杜牧,1
思乡,李白,6
思乡,范仲淹,1
思乡,崔颢,2
思乡,王湾,1
思乡,王维,2
思乡,纳兰性德,2
思乡,王安石,1
思乡,张九龄,2
思乡,杜甫,6
思乡,王之涣,1
思乡,苏轼,3
思乡,张继,1
思乡,诗经·小雅·鹿鸣之什,1
思乡,贺知章,1
思乡,岑参,2
思乡,张籍,1
思乡,韦庄,3
思乡,王建,1
思乡,周邦彦,1
思乡,佚名,3
思乡,宋之问,2
思乡,王勃,2
思乡,李煜,1
思乡,白居易,5
思乡,高适,1
思乡,孟浩然,1
思乡,刘禹锡,2
思乡,王禹偁,1
思乡,李觏,1
思乡,杜审言,1
思乡,谢朓,2
思乡,王粲,1
思乡,刘长卿,1
思乡,薛道衡,1
思乡,王翰,1
思乡,李商隐,2
思乡,陆游,1
思乡,戴叔伦,3
思乡,庾信,1
思乡,崔涂,2
思乡,李清照,4
思乡,卢纶,2
思乡,晏几道,1
思乡,武元衡,1
思乡,张可久,2
思乡,于谦,1
思乡,蒋捷,1
思乡,杜牧,2
思乡,王恭,1
思乡,李益,1
思乡,诗经·国风·卫风,1
思乡,刘辰翁,1
思乡,陈与义,1
思乡,袁凯,1
思乡,韦应物,1
思乡,范成大,1
思乡,江总,1
思乡,郑谷,1
思乡,钱起,1
思乡,欧阳修,1
思乡,孟云卿,1
思念,张若虚,1
思念,苏轼,3
思念,李煜,4
思念,李白,8
思念,李商隐,8
思念,李清照,4
思念,柳永,2
思念,李之仪,1
思念,范仲淹,1
思念,王维,3
思念,佚名,6
思念,晏殊,2
思念,唐寅,1
思念,司马相如,1
思念,杜甫,2
思念,温庭筠,2
思念,黄庭坚,1
思念,叶绍翁,1
思念,杜牧,1
思念,李白(存疑),1
思念,秦观,2
思念,李益,1
思念,曹丕,1
思念,屈原,1
思念,元稹,2
思念,纳兰性德,2
思念,黄景仁,1
思念,王昌龄,1
思念,白居易,3
思念,诗经·国风·周南,1
思念,贺知章,1
思念,曹植,1
思念,贺铸,1
思念,冯延巳,2
思念,范成大,1
思念,张泌,1
思念,李冠 / 李煜,1
思念,李璟,1
思念,晏几道,2
思念,苏武,1
思念,顾夐,1
思念,金昌绪,1
思念,诗经·国风·王风,1
思念,赵嘏,1
思念,戴叔伦,1
思念,鱼玄机,1
思念,沈佺期,1
思念,诗经·国风·豳风,1
思念,于谦,1
思念,舒亶,1
思念,刘著,1
思念,毛泽东,1
思念,司马光,1
思念,贾岛,1
思念,张衡,1
思念,柳宗元,1
思念,权德舆,1
思念,徐陵,1
思念,牛希济,1
思念,诗经·国风·召南,1
爱情,诗经·国风·周南,2
爱情,白居易,5
爱情,苏轼,1
爱情,诗经·国风·秦风,1
爱情,秦观,3
爱情,李商隐,10
爱情,陆游,1
爱情,柳永,1
爱情,元稹,2
爱情,曹植,1
爱情,纳兰性德,7
爱情,李之仪,1
爱情,诗经·国风·郑风,7
爱情,佚名,6
爱情,欧阳修(一说朱淑真),1
爱情,司马相如,1
爱情,卓文君(存疑),1
爱情,唐琬,1
爱情,诗经·国风·邶风,1
爱情,元好问,1
爱情,刘禹锡,2
爱情,温庭筠,1
爱情,徐再思,1
爱情,贺铸,1
爱情,晏几道,3
爱情,屈原,2
爱情,晏殊,4
爱情,黄景仁,1
爱情,李清照,1
爱情,崔郊,1
爱情,张先,3
爱情,曹雪芹,3
爱情,李益,1
爱情,张泌,1
爱情,乐婉,1
爱情,顾夐,1
爱情,鱼玄机,1
爱情,李白,1
爱情,李煜,1
爱情,钱起,1
爱情,卓文君,1
爱情,宋玉,2
爱情,韦庄,3
爱情,虞姬,1
爱情,孟郊,1
爱情,张衡,1
爱情,王实甫,1
爱情,朱彝尊,1
爱情,卢仝,1
爱情,诗经·国风·召南,1
爱情,朱淑真,1
爱情,辛弃疾,1
励志,岳飞,1
励志,王勃,1
励志,李白,5
励志,杜甫,4
励志,诸葛亮,1
励志,文天祥,2
励志,屈原,3
励志,刘禹锡,3
励志,汉乐府,1
励志,王之涣,1
励志,郑燮,1
励志,陆游,4
励志,卢钺,1
励志,李峤,1
励志,颜真卿,1
励志,宋濂,2
励志,杨炯,1
励志,朱熹,1
励志,杜秋娘,1
励志,李贺,1
励志,王维,1
励志,杜牧,1
励志,杜荀鹤,1
励志,袁枚,1
励志,鲁迅,2
励志,王贞白,1
励志,赵翼,1
励志,孟郊,1
励志,黄蘖禅师,1
励志,林则徐,1
励志,徐锡麟,1
励志,祝穆,1
励志,龚自珍,1
励志,戚继光,1
励志,《国语》,1
励志,白居易,1
励志,张华,1
励志,鲍照,1
励志,黄庭坚,1
励志,邓剡,1
励志,陈亮,1
励志,汪洙,1
励志,诗经·国风·唐风,1
励志,郑思肖,1
励志,韩非,1
励志,李绅,1
励志,黄遵宪,1
励志,佚名,1
励志,柳宗元,1
励志,岑参,1
励志,陶渊明,1
励志,成彦雄,1
励志,欧阳修,1
励志,《西京杂记》,1
哲理,李白,5
哲理,毛泽东,1
哲理,苏轼,7
哲理,杜甫,3
哲理,朱熹,4
哲理,晏殊,1
哲理,陶渊明,1
哲理,刘禹锡,1
哲理,孟子及其弟子,2
哲理,曹操,1
哲理,左丘明,1
哲理,汉乐府,1
哲理,王之涣,1
哲理,杨慎,1
哲理,司马光,1
哲理,战国策,1
哲理,王安石,2
哲理,韩愈,2
哲理,陆游,1
哲理,卢钺,1
哲理,礼记,1
哲理,孔子及其弟子,2
哲理,李商隐,1
哲理,孟子弟子录,1
哲理,孟子,4
哲理,列子,1
哲理,刘义庆,1
哲理,颜真卿,1
哲理,欧阳修,1
哲理,杨万里,1
哲理,纪昀,1
哲理,鲍照,1
哲理,钱福,1
哲理,罗隐,2
哲理,杜荀鹤,2
哲理,庄子,1
哲理,张九龄,1
哲理,刘安,1
哲理,惠能,1
哲理,朱敦儒,1
哲理,庄周,2
哲理,白居易,2
哲理,韩非,2
哲理,《大学》,1
哲理,屈原,1
哲理,赵翼,1
哲理,孟郊,1
哲理,蒲松龄,1
哲理,黄蘖禅师,1
哲理,苏麟,1
哲理,杨巨源,1
哲理,秦韬玉,1
哲理,无门慧开禅师,1
哲理,李贺,1
哲理,刘向,1
哲理,李世民,1
哲理,鱼玄机,1
哲理,李冶,1
哲理,老子,1
哲理,祝穆,1
哲理,邯郸淳,1
哲理,张谓,1
哲理,王应麟,1
哲理,程颢,1
哲理,佚名,3
哲理,曾巩,1
哲理,彭端淑,1
哲理,僧伽斯那,1
哲理,韩非子,1
哲理,贾谊,1
哲理,陈师道,1
闺怨,李清照,8
闺怨,纳兰性德,2
闺怨,冯延巳 / 欧阳修,1
闺怨,诗经·国风·卫风,2
闺怨,晏殊,3
闺怨,唐寅,1
闺怨,李白,3
闺怨,温庭筠,3
闺怨,王昌龄,2
闺怨,欧阳修,3
闺怨,杜甫,1
闺怨,诗经·国风·王风,2
闺怨,苏轼,3
闺怨,李璟,1
闺怨,佚名,3
闺怨,金昌绪,1
闺怨,张九龄,1
闺怨,戴叔伦,1
闺怨,沈佺期,1
闺怨,柳永,4
闺怨,晏几道,1
闺怨,冯延巳,3
闺怨,李益,1
闺怨,诗经·国风·邶风,3
闺怨,冯小青,1
闺怨,寇准,1
闺怨,诗经·国风·召南,1
闺怨,朱淑真,4
闺怨,曹植,1
闺怨,秦观,1
闺怨,白居易,2
闺怨,辛弃疾,1
闺怨,王实甫,1
闺怨,张若虚,1
闺怨,张仲素,2
闺怨,贺铸,2
闺怨,李煜,1
闺怨,皇甫冉,1
闺怨,薛道衡,1
闺怨,蔡伸,1
闺怨,夏完淳,1
闺怨,许棐,1
闺怨,沈如筠,1
闺怨,刘方平,1
闺怨,贾至,1
闺怨,施耐庵,1
闺怨,阎选,1
闺怨,韦庄,1
闺怨,李商隐,1
闺怨,杨果,1
闺怨,孙光宪,1
闺怨,陈允平,1
闺怨,张先,2
闺怨,牛峤,1
闺怨,顾敻,1
闺怨,徐再思,1
闺怨,赵令畴,1
闺怨,王元鼎,1
闺怨,乔吉,1
闺怨,徐灿,1
闺怨,张纮(唐),1
闺怨,王昭君,1
闺怨,尹鹗,1
悼亡,苏轼,3
悼亡,元稹,3
悼亡,纳兰性德,15
悼亡,屈原,1
悼亡,白居易,2
悼亡,陆游,2
悼亡,贺铸,2
悼亡,韩愈,1
悼亡,吴文英,8
悼亡,诗经·国风·邶风,1
悼亡,诗经·小雅·谷风之什,1
悼亡,崔珏,1
悼亡,李清照,1
悼亡,李忱,1
悼亡,诗经·国风·唐风,1
悼亡,杜甫,1
悼亡,潘岳,2
悼亡,向秀,1
悼亡,诗经·国风·秦风,1
悼亡,毛泽东,3
悼亡,赵孟頫,1
悼亡,戴复古,1
悼亡,梅尧臣,1
悼亡,李煜,2
悼亡,李商隐,2
悼亡,刘弇,1
悼亡,史达祖,1
悼亡,刘彻,1
悼亡,陈师道,1
悼亡,赵佶,1
悼亡,陈衡恪,1
悼亡,李元膺,1
悼亡,沈约,1
悼亡,江淹,1
写人,辛弃疾,2
写人,白居易,5
写人,屈原,5
写人,李商隐,2
写人,李白,6
写人,曹植,4
写人,杜甫,9
写人,陶渊明,3
写人,贾岛,1
写人,苏轼,6
写人,左丘明,4
写人,刘长卿,1
写人,林嗣环,1
写人,李清照,1
写人,佚名,3
写人,刘向 撰,1
写人,项羽,1
写人,晏殊,2
写人,杜牧,1
写人,乐府诗集,1
写人,陈寿,1
写人,白朴,1
写人,柳宗元,2
写人,司马迁,3
写人,诗经·国风·周南,1
写人,选自《战国策》,1
写人,汤显祖,1
写人,贯休,1
写人,唐寅,2
写人,周邦彦,1
写人,骆宾王,1
写人,王维,2
写人,李煜,1
写人,班固,1
写人,毛泽东,2
写人,墨子及弟子,1
写人,欧阳修,1
写人,徐凝,1
写人,刘义庆,1
写人,宋玉,2
写人,战国策,1
写人,张溥,1
写人,韩愈,1
写人,罗隐,1
写人,僧伽斯那,1
写人,诗经·国风·召南,1
写人,杜荀鹤,1
写人,罗贯中,1
写人,张祜,1
写人,范晔,1
写人,班婕妤,1
写人,曹雪芹,1
写人,诗经·大雅·生民之什,1
写人,温庭筠,1
老师,李商隐,1
老师,韩愈,1
老师,白居易,1
老师,郑燮,1
母亲,孟郊,1
母亲,黄景仁,1
母亲,刘向,1
母亲,蒋士铨,1
母亲,诗经·小雅·谷风之什,1
母亲,王建,1
母亲,诗经·国风·邶风,1
母亲,白居易,2
母亲,王冕,3
母亲,与恭,1
母亲,归有光,1
母亲,慈禧,1
母亲,周寿昌,1
母亲,夏完淳,1
母亲,陈去疾,1
母亲,王安石,1
母亲,倪瑞璿,1
母亲,鲍溶,1
母亲,李群玉,1
友情,李白,13
友情,王勃,1
友情,王维,6
友情,苏轼,7
友情,白居易,5
友情,王观,1
友情,黄庭坚,2
友情,欧阳修,4
友情,高适,4
友情,杜牧,1
友情,杜甫,6
友情,王昌龄,3
友情,陆凯,1
友情,韦应物,3
友情,李商隐,2
友情,孟浩然,4
友情,元稹,1
友情,岑参,1
友情,顾贞观,1
友情,张谓,1
友情,司空曙,1
友情,李颀,1
友情,贾岛,2
友情,陶渊明,1
友情,晏殊,1
友情,纳兰性德,1
友情,刘长卿,4
友情,韦庄,1
友情,崔珏,1
友情,姜夔,1
友情,温庭筠,1
友情,严维,1
友情,郑文宝,1
友情,张旭,1
友情,庾信,1
友情,卢纶,1
友情,杨万里,1
友情,诗经·小雅·鹿鸣之什,1
友情,刘义庆,1
友情,戴叔伦,1
友情,刘克庄,1
友情,虞集,1
友情,辛弃疾,2
友情,李益,1
友情,韩愈,1
友情,晁冲之,1
友情,文天祥 / 邓剡,1
友情,丘为,1
战争,杜甫,14
战争,乐府诗集,1
战争,辛弃疾,2
战争,左丘明,4
战争,王翰,1
战争,王昌龄,6
战争,李贺,1
战争,诗经·小雅·鹿鸣之什,2
战争,李白,12
战争,杨炯,2
战争,卢纶,2
战争,高适,2
战争,王维,2
战争,诗经·国风·邶风,1
战争,曹操,1
战争,陈陶,2
战争,诗经·国风·王风,1
战争,曹松,1
战争,李华,1
战争,佚名,3
战争,戚继光,2
战争,毛泽东,7
战争,李益,1
战争,陆游,3
战争,许浑,1
战争,朱厚熜,1
战争,戴复古,1
战争,鲁迅,1
战争,岑参,2
战争,李颀,1
战争,沈佺期,1
战争,诗经·小雅·鱼藻之什,1
战争,孟浩然,1
战争,张蠙,1
战争,张乔,2
战争,李陵,1
战争,李世民,2
战争,诗经·国风·秦风,1
战争,刘基,1
战争,马戴,1
战争,薛逢,1
战争,王粲,1
战争,杨广,1
战争,元好问,1
战争,宗泽,1
战争,诗经·国风·郑风,1
战争,钱珝,1
读书,陆游,10
读书,朱熹,7
读书,颜真卿,1
读书,苏轼,3
读书,王贞白,1
读书,孟郊,1
读书,于谦,1
读书,赵恒,1
读书,杜甫,3
读书,陶渊明,1
读书,陈师道,1
读书,王安石,1
读书,萧抡谓,1
读书,左思,1
读书,李贺,1
读书,柳宗元,1
读书,辛弃疾,2
读书,郑燮,1
读书,宋濂,1
读书,梁启超,1
读书,皮日休,1
读书,杜牧,1
读书,翁森,4
读书,谢灵运,1
读书,宋琬,1
读书,陆九渊,1
读书,周弼,1
读书,佚名,1
读书,王永彬,1
读书,鱼豢,1
读书,张耒,1
读书,孙枝蔚,1
读书,郭震,1
读书,苏辙,1
惜时,晏殊,2
惜时,汉乐府,1
惜时,苏轼,2
惜时,李商隐,1
惜时,颜真卿,1
惜时,朱熹,2
惜时,杜秋娘,1
惜时,陶渊明,1
惜时,钱福,1
惜时,李白,1
惜时,王贞白,1
惜时,佚名,1
惜时,杜荀鹤,1
惜时,谢朓,1
惜时,王建,1
惜时,文嘉,1
惜时,司空图,1
惜时,鲍照,1
惜时,李隆基,1
惜时,陆机,1
惜时,顾贞观,1
惜时,施岳,1
惜时,寇准,1
惜时,朱敦儒,1
婉约,李煜,3
婉约,李清照,5
婉约,辛弃疾,4
婉约,苏轼,8
婉约,冯延巳 / 欧阳修,1
婉约,欧阳修(一说朱淑真),1
婉约,蒋捷,1
婉约,温庭筠,3
婉约,秦观,5
婉约,贺铸,3
婉约,刘过,1
婉约,白居易,1
婉约,黄庭坚,1
婉约,晏殊,4
婉约,欧阳修,2
婉约,张先,5
婉约,冯延巳,4
婉约,纳兰性德,2
婉约,韦庄,2
婉约,李璟,2
婉约,范仲淹,1
婉约,周邦彦,4
婉约,柳永,3
婉约,严蕊,1
婉约,吕本中,2
婉约,顾夐,1
婉约,姜夔,3
婉约,王雱,1
婉约,吴文英,2
婉约,林逋,1
婉约,俞彦,1
婉约,刘著,1
婉约,司马光,1
婉约,刘禹锡,1
婉约,黄公绍,1
婉约,曹雪芹,1
婉约,朱淑真,1
婉约,皇甫松,1
婉约,李重元,1
婉约,武则天,1
婉约,晏几道,2
婉约,王禹偁,1
婉约,徐有贞,1
婉约,佚名,1
婉约,朱彝尊,1
婉约,宋祁,1
婉约,牛希济,1
婉约,周紫芝,1
婉约,徐昌图,1
婉约,梅尧臣,1
婉约,仲殊,1
婉约,钱惟演,1
豪放,苏轼,7
豪放,辛弃疾,12
豪放,王翰,1
豪放,李清照,1
豪放,陆游,6
豪放,秋瑾,2
豪放,李白(存疑),1
豪放,陈与义,1
豪放,纳兰性德,2
豪放,朱敦儒,3
豪放,贺铸,2
豪放,欧阳修,1
豪放,戴叔伦,1
豪放,王安石,1
豪放,张元干,3
豪放,陈亮,3
豪放,郑燮,1
豪放,张孝祥,4
豪放,刘克庄,4
豪放,晁补之,1
豪放,张昪,1
豪放,范成大,1
豪放,韦应物,1
豪放,佚名,2
豪放,吴文英,1
豪放,元好问,5
豪放,叶梦得,4
豪放,郭震,1
豪放,周邦彦,1
豪放,夏完淳,1
豪放,文天祥,1
豪放,陈子昂,1
豪放,陈维崧,1
豪放,顾太清,1
豪放,李白,2
豪放,龚自珍,1
豪放,萨都剌,1
豪放,陈克,1
豪放,杨广,1
豪放,陈人杰,1
豪放,苏舜钦,1
豪放,刘辰翁,1
豪放,文征明,1
豪放,周密,1
豪放,韩元吉,1
豪放,吴藻,1
豪放,谭嗣同,1
豪放,吴伟业,1
豪放,赵秉文,1
豪放,袁去华,1
豪放,王维,1
豪放,米芾,1
豪放,刘过,1
豪放,蔡松年,1
民谣,诗经·国风·卫风,1
民谣,佚名,13
民谣,诗经·国风·周南,1
民谣,诗经·国风·邶风,2
民谣,诗经·国风·郑风,6
民谣,诗经·国风·王风,2
民谣,诗经·国风·陈风,1
民谣,诗经·国风·召南,1
民谣,于鹄,1
民谣,诗经·国风·唐风,1
节日,杜牧,3
节日,毛泽东,2
节日,文征明,1
节日,林杰,1
节日,苏味道,1
节日,文天祥,2
节日,张祜,1
节日,李隆基,1
节日,崔液,1
节日,卢照邻,2
节日,王驾,1
节日,苏轼,8
节日,唐寅,1
节日,李白(存疑),1
节日,袁凯,1
节日,无可,1
节日,栖白,1
节日,李持正,1
节日,万楚,1
节日,贾岛,1
节日,朱敦儒,1
节日,白居易,6
节日,张继,1
节日,司空图,1
节日,范成大,3
节日,欧阳修,1
节日,杜甫,3
节日,王守仁,1
节日,阮阅,1
节日,纳兰性德,3
节日,吴文英,2
节日,李商隐,3
节日,成彦雄,1
节日,史达祖,1
节日,周邦彦,2
节日,柳永,4
节日,陈与义,1
节日,刘禹锡,1
节日,赵长卿,1
节日,钱时,1
节日,白朴,1
节日,陶渊明,1
节日,姜夔,1
节日,祖咏,1
节日,薛昂夫,1
节日,刘得仁,1
节日,盍西村,1
节日,顾炎武,1
节日,叶颙,1
节日,卢道悦(一说叶燮),1
节日,周密,1
节日,韦应物,1
节日,王禹偁,1
节日,来鹄,1
节日,于谦,1
节日,苏舜钦,1
节日,范仲淹,1
节日,马臻,1
节日,王镃,1
节日,鲁迅,1
节日,汤显祖,1
节日,曹雪芹,1
节日,张说,1
节日,李建勋,2
节日,朱淑真,1
节日,赵师侠,1
节日,王湾,1
节日,庞垲,1
节日,皇甫汸,1
春节,王安石,1
春节,文征明,1
春节,陆游,1
春节,高适,1
春节,文天祥,1
春节,孟浩然,2
春节,刘长卿,1
春节,于谦,1
春节,崔涂,1
春节,苏轼,3
春节,戴叔伦,1
春节,李世民,2
春节,陈师道,1
春节,王守仁,1
春节,刘禹锡,1
春节,袁凯,1
春节,吴文英,5
春节,史青,1
春节,毛滂,1
春节,秦观,1
春节,范成大,1
春节,戴复古,1
春节,辛弃疾,1
春节,纳兰性德,1
春节,戎昱,1
春节,韩疁,1
春节,张雨,1
春节,董必武,1
春节,赵彦昭,1
春节,李慈铭,1
春节,叶颙,1
春节,卢道悦(一说叶燮),1
春节,刘克庄,1
春节,欧阳詹,1
春节,崔元翰,1
元宵节,辛弃疾,1
元宵节,欧阳修(一说朱淑真),1
元宵节,李清照,1
元宵节,苏味道,1
元宵节,张祜,1
元宵节,崔液,1
元宵节,卢照邻,1
元宵节,苏轼,3
元宵节,李梦阳,1
元宵节,唐寅,1
元宵节,杨慎,1
元宵节,贺铸,1
元宵节,元好问,1
元宵节,毛滂,2
元宵节,周邦彦,2
元宵节,刘辰翁,3
元宵节,赵鼎,1
元宵节,符曾,1
元宵节,王守仁,1
元宵节,王磐,1
元宵节,蒋捷,1
元宵节,李持正,2
元宵节,刘克庄,1
元宵节,朱敦儒,1
元宵节,丘逢甲,1
元宵节,欧阳修,1
元宵节,周密,1
元宵节,李商隐,2
元宵节,汪元量,1
元宵节,史达祖,1
元宵节,佚名,1
元宵节,纳兰性德,2
元宵节,姜夔,1
元宵节,柳永,1
元宵节,盍西村,1
元宵节,吴文英,1
元宵节,曹雪芹,2
元宵节,朱淑真,1
元宵节,赵时春,1
元宵节,白居易,1
元宵节,张孝祥,1
寒食节,韩翃,1
寒食节,白居易,1
寒食节,李清照,2
寒食节,杜甫,2
寒食节,孟云卿,1
寒食节,佚名,1
寒食节,韩偓,2
寒食节,韦应物,1
寒食节,张先,1
寒食节,苏轼,2
寒食节,云表,1
寒食节,窦巩,1
寒食节,杨徽之,1
寒食节,赵鼎,2
寒食节,周邦彦,2
寒食节,宋之问,3
寒食节,沈佺期,1
寒食节,王安石,1
寒食节,纳兰性德,1
寒食节,杨万里,1
寒食节,虞集,1
寒食节,仲殊,1
寒食节,谢枋得,1
寒食节,吴文英,4
寒食节,韦庄,2
寒食节,成鹫,1
寒食节,卢挚,1
寒食节,王元鼎,1
寒食节,陈子龙,1
寒食节,范成大,1
寒食节,胡皓,1
寒食节,邵谒,1
寒食节,陈克,1
寒食节,周密,1
寒食节,王禹偁,1
寒食节,王建,1
寒食节,张镃,1
寒食节,郑刚中,2
寒食节,朱孟德,1
寒食节,温庭筠,1
寒食节,司马光,1
寒食节,洪升,1
寒食节,朱湾,1
清明节,杜牧,1
清明节,王禹偁,2
清明节,黄庭坚,1
清明节,孟浩然,1
清明节,白居易,1
清明节,高翥,1
清明节,万俟咏,1
清明节,吴惟信,1
清明节,乔吉,1
清明节,程颢,1
清明节,杜甫,1
清明节,欧阳修,1
清明节,韦庄,1
清明节,高启,2
清明节,吴文英,3
清明节,温庭筠,1
清明节,范成大,1
清明节,屈大均,1
清明节,张炎,1
清明节,顾太清,1
清明节,贾岛,1
清明节,张继,1
清明节,薛昭蕴,1
清明节,柳永,1
清明节,陈与义,1
清明节,杜安世,1
清明节,白朴,1
清明节,祖咏,1
清明节,郑燮,1
清明节,王磐,1
清明节,崔元翰,1
端午节,贝琼,1
端午节,殷尧藩,2
端午节,苏轼,5
端午节,李隆基,1
端午节,文天祥,1
端午节,张耒,1
端午节,文秀,1
端午节,赵蕃,1
端午节,欧阳修,1
端午节,陈与义,1
端午节,黄裳,1
端午节,陆游,1
端午节,舒頔,1
端午节,李之仪,1
端午节,顾太清,1
端午节,杜甫,1
端午节,刘克庄,1
端午节,黄庭坚,1
端午节,纳兰性德,1
端午节,边贡,1
端午节,汤显祖,1
端午节,吴文英,1
端午节,卢肇,1
端午节,权德舆,1
端午节,张建封,1
七夕节,秦观,1
七夕节,杜牧,1
七夕节,佚名,3
七夕节,李清照,1
七夕节,苏轼,1
七夕节,白居易,1
七夕节,刘辰翁,1
七夕节,卢挚,1
七夕节,李商隐,2
七夕节,李贺,1
七夕节,杨朴,1
七夕节,柳永,1
七夕节,范成大,1
七夕节,晏几道,2
七夕节,徐凝,1
七夕节,德容,2
七夕节,罗隐,1
七夕节,孟浩然,1
七夕节,吕渭老,1
七夕节,张埜,1
七夕节,陈师道,1
七夕节,吴文英,8
七夕节,顾太清,1
七夕节,严蕊,1
七夕节,赵以夫,1
七夕节,毛文锡,1
七夕节,顾贞观,1
七夕节,李嘉祐,1
七夕节,谢薖,1
七夕节,乔吉,1
七夕节,姚燮,1
七夕节,张耒,1
七夕节,沈佺期,1
七夕节,王建,1
七夕节,刘镇,1
七夕节,李峤,1
七夕节,柳恽,1
七夕节,任希古,1
中秋节,苏轼,5
中秋节,王建,1
中秋节,辛弃疾,6
中秋节,晏殊,1
中秋节,皮日休,1
中秋节,白居易,2
中秋节,李峤,1
中秋节,司空图,1
中秋节,苏辙,2
中秋节,徐有贞,1
中秋节,晁补之,1
中秋节,孟浩然,1
中秋节,张养浩,1
中秋节,纳兰性德,1
中秋节,米芾,2
中秋节,韩愈,1
中秋节,曹松,1
中秋节,刘禹锡,1
中秋节,文征明,1
中秋节,佚名,1
中秋节,杜甫,1
中秋节,高观国,1
中秋节,刘辰翁,1
中秋节,陈著,1
中秋节,毛泽东,1
中秋节,王守仁,1
中秋节,慧霖,1
中秋节,李朴,1
中秋节,吴文英,5
中秋节,权德舆,1
中秋节,史达祖,2
中秋节,郭应祥,1
中秋节,向子諲,1
中秋节,查慎行,1
中秋节,曾几,1
中秋节,刘克庄,1
中秋节,徐威,1
中秋节,文天祥,1
中秋节,张孝祥,2
中秋节,苏舜钦,1
中秋节,张岱,1
重阳节,王维,1
重阳节,李清照,2
重阳节,毛泽东,1
重阳节,岑参,2
重阳节,李白,5
重阳节,杜牧,1
重阳节,王勃,1
重阳节,白居易,1
重阳节,晏几道,2
重阳节,刘克庄,1
重阳节,纳兰性德,3
重阳节,朱熹,1
重阳节,张可久,3
重阳节,江总,1
重阳节,李煜,2
重阳节,卢照邻,1
重阳节,杜甫,5
重阳节,苏轼,4
重阳节,王之涣,1
重阳节,崔曙,1
重阳节,陶渊明,2
重阳节,陈师道,2
重阳节,周密,1
重阳节,潘希白,1
重阳节,苏洵,1
重阳节,吴文英,3
重阳节,韩琦,2
重阳节,汪元量,1
重阳节,宋祁,1
重阳节,卢挚,1
重阳节,序灯,1
重阳节,阴行先,1
重阳节,宋江,1
重阳节,王琼,2
重阳节,姚云文,2
重阳节,秋瑾,1
重阳节,文森,1
重阳节,赵彦昭,1
重阳节,顾炎武,1
重阳节,妙信,1
重阳节,李泌,1
重阳节,范仲淹,1
重阳节,李商隐,1
重阳节,姜塘,1
重阳节,范成大,2
重阳节,皇甫汸,1
重阳节,赵时春,1
重阳节,黄仲则,1
重阳节,韦安石,1
重阳节,石茂华,1
重阳节,沈辂,1
重阳节,齐之鸾,1
重阳节,戴复古,1
重阳节,崔元翰,1
重阳节,王逊,2
重阳节,吴融,1
重阳节,辛弃疾,1
重阳节,今释,1
忧国忧民,杜甫,18
忧国忧民,屈原,2
忧国忧民,王昌龄,1
忧国忧民,陆游,6
忧国忧民,《乐府诗集》,1
忧国忧民,李绅,1
忧国忧民,曹操,1
忧国忧民,贺铸,1
忧国忧民,罗隐,1
忧国忧民,郑燮,1
忧国忧民,曹松,2
忧国忧民,韦应物,2
忧国忧民,辛弃疾,4
忧国忧民,李华,1
忧国忧民,战国策,1
忧国忧民,于谦,1
忧国忧民,张元干,1
忧国忧民,宋玉,1
忧国忧民,李白,6
忧国忧民,苏轼,2
忧国忧民,李商隐,4
忧国忧民,白居易,2
忧国忧民,杜荀鹤,3
忧国忧民,杨炎正,1
忧国忧民,叶梦得,1
忧国忧民,黄遵宪,1
忧国忧民,李鸿章,1
忧国忧民,聂夷中,1
忧国忧民,崔道融,1
忧国忧民,李贺,1
忧国忧民,李清照,1
忧国忧民,范成大,1
忧国忧民,贾岛,1
忧国忧民,佚名,2
忧国忧民,曾几,1
忧国忧民,郑遨,1
忧国忧民,李梦阳,1
忧国忧民,胡世将,1
忧国忧民,梁栋,1
忧国忧民,曹邺,1
忧国忧民,王埜,1
忧国忧民,杜牧,1
忧国忧民,赵秉文,1
忧国忧民,陶渊明,1
忧国忧民,吴兢,1
忧国忧民,李中,1
忧国忧民,王建,2
忧国忧民,诗经·小雅,2
忧国忧民,吕温,1
忧国忧民,施闰章,1
忧国忧民,刘长卿,1
忧国忧民,谭嗣同,1
忧国忧民,汤显祖,1
忧国忧民,韦庄,1
忧国忧民,刘琨,1
忧国忧民,诗经·大雅·荡之什,1
忧国忧民,柳宗元,1
咏史怀古,苏轼,3
咏史怀古,王勃,1
咏史怀古,辛弃疾,4
咏史怀古,杜牧,7
咏史怀古,李清照,1
咏史怀古,李白,10
咏史怀古,王安石,5
咏史怀古,文天祥,2
咏史怀古,纳兰性德,1
咏史怀古,刘禹锡,5
咏史怀古,诗经·国风·王风,1
咏史怀古,骆宾王,1
咏史怀古,韦庄,2
咏史怀古,卢照邻,1
咏史怀古,袁枚,1
咏史怀古,张可久,1
咏史怀古,罗隐,1
咏史怀古,陶渊明,1
咏史怀古,章碣,1
咏史怀古,李商隐,7
咏史怀古,高启,1
咏史怀古,许浑,1
咏史怀古,查德卿,1
咏史怀古,皮日休,1
咏史怀古,周邦彦,1
咏史怀古,杜甫,2
咏史怀古,阿鲁威,1
咏史怀古,刘致,1
咏史怀古,戴叔伦,1
咏史怀古,赵孟頫,1
咏史怀古,陈子龙,1
咏史怀古,温庭筠,2
咏史怀古,屈大均,1
咏史怀古,张孝祥,1
咏史怀古,向子諲,1
咏史怀古,贯云石,1
咏史怀古,文天祥 / 邓剡,1
咏史怀古,鲍照,1
咏史怀古,陆游,1
咏史怀古,萨都剌,1
咏史怀古,文及翁,1
咏史怀古,叶梦得,1
咏史怀古,倪瓒,1
咏史怀古,陈维崧,1
咏史怀古,王世贞,1
咏史怀古,完颜璹,1
咏史怀古,文征明,1
咏史怀古,吴潜,1
咏史怀古,潘大临,1
咏史怀古,陆龟蒙,1
咏史怀古,吴文英,1
咏史怀古,李攀龙,1
咏史怀古,严遂成,1
咏史怀古,诗经·大雅·文王之什,2
咏史怀古,杜审言,1
咏史怀古,袁去华,1
咏史怀古,张说,1
咏史怀古,司空曙,1
咏史怀古,高适,1
咏史怀古,戴复古,1
咏史怀古,王安国,1
宋词精选,苏轼,6
宋词精选,李清照,21
宋词精选,柳永,5
宋词精选,陆游,4
宋词精选,秦观,6
宋词精选,晏殊,2
宋词精选,辛弃疾,6
宋词精选,李之仪,1
宋词精选,范仲淹,2
宋词精选,冯延巳 / 欧阳修,1
宋词精选,欧阳修(一说朱淑真),1
宋词精选,蒋捷,1
宋词精选,唐琬,1
宋词精选,晏几道,8
宋词精选,欧阳修,5
宋词精选,宋祁,1
宋词精选,岳飞,1
宋词精选,张先,1
宋词精选,周邦彦,1
宋词精选,严蕊,1
宋词精选,吕本中,2
宋词精选,姜夔,2
宋词精选,王雱,1
宋词精选,吴文英,3
宋词精选,林逋,2
宋词精选,万俟咏,1
宋词精选,舒亶,1
宋词精选,黄庭坚,1
宋词精选,朱淑真,1
宋词精选,汤恢,1
宋词精选,王禹偁,1
宋词精选,刘克庄,1
宋词精选,寇准,2
宋词精选,周紫芝,1
宋词精选,刘辰翁,1
宋词精选,赵佶,1
宋词精选,钱惟演,1
宋词精选,黄孝迈,1
宋词精选,张炎,1
